Metric,Value
Total Return,0.04967904949129598
Annual Return,0.012903189032463347
Volatility,0.17275156176191866
Sharpe Ratio,-0.04108102349498454
Max Drawdown,-0.16351565892613937
Number of Trades,370.0
Win Rate,0.20540540540540542
Volatility Prediction Accuracy,0.7429171038824763
Average Position Size,0.5
